"Time","interest rates"
"2009-12-01",5
"2010-01-01",6
"2010-02-01",7
"2010-03-01",7
"2010-04-01",8
"2010-05-01",6
"2010-06-01",6
"2010-07-01",6
"2010-08-01",6
"2010-09-01",6
"2010-10-01",7
"2010-11-01",7
"2010-12-01",6
"2011-01-01",5
"2011-02-01",4
"2011-03-01",4
"2011-04-01",4
"2011-05-01",4
"2011-06-01",5
"2011-07-01",5
"2011-08-01",4
"2011-09-01",4
"2011-10-01",3
"2011-11-01",4
"2011-12-01",4
"2012-01-01",4
"2012-02-01",4
"2012-03-01",4
"2012-04-01",3
"2012-05-01",4
"2012-06-01",5
"2012-07-01",5
"2012-08-01",4
"2012-09-01",4
"2012-10-01",4
"2012-11-01",3
"2012-12-01",3
"2013-01-01",4
"2013-02-01",3
"2013-03-01",4
"2013-04-01",4
"2013-05-01",4
"2013-06-01",4
"2013-07-01",4
"2013-08-01",5
"2013-09-01",4
"2013-10-01",3
"2013-11-01",5
"2013-12-01",3
"2014-01-01",4
"2014-02-01",4
"2014-03-01",4
"2014-04-01",3
"2014-05-01",4
"2014-06-01",5
"2014-07-01",4
"2014-08-01",3
"2014-09-01",4
"2014-10-01",4
"2014-11-01",5
"2014-12-01",3
"2015-01-01",5
"2015-02-01",4
"2015-03-01",5
"2015-04-01",5
"2015-05-01",5
"2015-06-01",5
"2015-07-01",4
"2015-08-01",4
"2015-09-01",5
"2015-10-01",4
"2015-11-01",5
"2015-12-01",6
"2016-01-01",5
"2016-02-01",5
"2016-03-01",4
"2016-04-01",5
"2016-05-01",4
"2016-06-01",5
"2016-07-01",5
"2016-08-01",5
"2016-09-01",4
"2016-10-01",4
"2016-11-01",5
"2016-12-01",4
"2017-01-01",4
"2017-02-01",4
"2017-03-01",4
"2017-04-01",4
"2017-05-01",6
"2017-06-01",4
"2017-07-01",4
"2017-08-01",4
"2017-09-01",5
"2017-10-01",4
"2017-11-01",4
"2017-12-01",3
"2018-01-01",4
"2018-02-01",4
"2018-03-01",4
"2018-04-01",3
"2018-05-01",3
"2018-06-01",4
"2018-07-01",3
"2018-08-01",4
"2018-09-01",4
"2018-10-01",4
"2018-11-01",4
"2018-12-01",4
"2019-01-01",4
"2019-02-01",4
"2019-03-01",3
"2019-04-01",4
"2019-05-01",4
"2019-06-01",5
"2019-07-01",5
"2019-08-01",5
"2019-09-01",6
"2019-10-01",5
"2019-11-01",5
"2019-12-01",4
"2020-01-01",5
"2020-02-01",3
"2020-03-01",4
"2020-04-01",4
"2020-05-01",5
"2020-06-01",4
"2020-07-01",4
"2020-08-01",3
"2020-09-01",3
"2020-10-01",3
"2020-11-01",3
"2020-12-01",3
"2021-01-01",4
"2021-02-01",4
"2021-03-01",3
"2021-04-01",3
"2021-05-01",3
"2021-06-01",3
"2021-07-01",3
"2021-08-01",3
"2021-09-01",3
"2021-10-01",3
"2021-11-01",4
"2021-12-01",4
"2022-01-01",6
"2022-02-01",6
"2022-03-01",6
"2022-04-01",7
"2022-05-01",7
"2022-06-01",9
"2022-07-01",8
"2022-08-01",6
"2022-09-01",8
"2022-10-01",8
"2022-11-01",8
"2022-12-01",7
"2023-01-01",8
"2023-02-01",8
"2023-03-01",9
"2023-04-01",7
"2023-05-01",7
"2023-06-01",8
"2023-07-01",8
"2023-08-01",7
"2023-09-01",8
"2023-10-01",8
"2023-11-01",8
"2023-12-01",9
"2024-01-01",9
"2024-02-01",8
"2024-03-01",8
"2024-04-01",9
"2024-05-01",9
"2024-06-01",9
"2024-07-01",10
"2024-08-01",9
"2024-09-01",13
"2024-10-01",9
"2024-11-01",10
"2024-12-01",10
"2025-01-01",11
"2025-02-01",9
"2025-03-01",10
"2025-04-01",10
"2025-05-01",8
"2025-06-01",10
"2025-07-01",7
"2025-08-01",9
"2025-09-01",7
"2025-10-01",9
"2025-11-01",57
"2025-12-01",100
"2026-01-01",75